{
  "inner_rad_mut_prob": 0.15,
  "inner_size_mut_prob": 0.67,
  "outer_rad_mut_prob": 0.2,
  "outer_size_mut_prob": 0.9,
  "shift_weights": {
    "values": null,
    "probs": [
      0.2857142857142857,
      0.25396825396825395,
      0.23809523809523808,
      0.2222222222222222
    ]
  },
  "momentum_prob": 0.5,
  "inner_size_probs": {
    "values": [
      2,
      8
    ],
    "probs": [
      0.97,
      0.03
    ]
  },
  "outer_margin_probs": {
    "values": [
      2,
      4
    ],
    "probs": [
      0.94736844,
      0.05263158
    ]
  },
  "circ_probs": {
    "values": [
      0.0,
      0.6,
      0.8
    ],
    "probs": [
      0.75,
      0.15,
      0.05
    ]
  },
  "pulse": null,
  "fade_steps": 60,
  "fade_max_size": 6,
  "fade_min_size": 3
}