{
  "inner_rad_mut_prob": 1.0,
  "inner_size_mut_prob": 0.75,
  "outer_rad_mut_prob": 0.85,
  "outer_size_mut_prob": 0.65,
  "shift_weights": {
    "values": null,
    "probs": [
      0.39215686274509803,
      0.27450980392156865,
      0.2549019607843137,
      0.0784313725490196
    ]
  },
  "momentum_prob": 0.6,
  "inner_size_probs": {
    "values": [
      1,
      2,
      3,
      4,
      8
    ],
    "probs": [
      0.06109512,
      0.7044069,
      0.19798937,
      0.026456023,
      0.010052559
    ]
  },
  "outer_margin_probs": {
    "values": [
      2,
      4,
      6
    ],
    "probs": [
      0.97118473,
      0.025719268,
      0.0030960215
    ]
  },
  "circ_probs": {
    "values": [
      0.0,
      0.6,
      0.8
    ],
    "probs": [
      0.75,
      0.15,
      0.05
    ]
  },
  "pulse": null,
  "fade_steps": 60,
  "fade_max_size": 6,
  "fade_min_size": 3
}