{
  "inner_rad_mut_prob": 0.6,
  "inner_size_mut_prob": 1.0,
  "outer_rad_mut_prob": 0.45,
  "outer_size_mut_prob": 0.9,
  "shift_weights": {
    "values": null,
    "probs": [
      0.3508771929824561,
      0.3157894736842105,
      0.2982456140350877,
      0.03508771929824561
    ]
  },
  "momentum_prob": 0.7,
  "inner_size_probs": {
    "values": [
      1,
      3,
      4
    ],
    "probs": [
      0.9398248,
      0.0497585,
      0.010416667
    ]
  },
  "outer_margin_probs": {
    "values": [
      2,
      4
    ],
    "probs": [
      0.94736844,
      0.052631583
    ]
  },
  "circ_probs": {
    "values": [
      0.0,
      0.6,
      0.8
    ],
    "probs": [
      0.75,
      0.15,
      0.05
    ]
  },
  "pulse": {
    "straight_delay": 10,
    "corner_delay": 3,
    "max_kernel_size": 1
  },
  "fade_steps": 60,
  "fade_max_size": 6,
  "fade_min_size": 3
}