{
  "inner_rad_mut_prob": 0.67,
  "inner_size_mut_prob": 0.6,
  "outer_rad_mut_prob": 0.55,
  "outer_size_mut_prob": 0.8,
  "shift_weights": {
    "values": null,
    "probs": [
      0.47619047619047616,
      0.21428571428571427,
      0.19047619047619047,
      0.11904761904761904
    ]
  },
  "momentum_prob": 0.5,
  "inner_size_probs": {
    "values": [
      4,
      3,
      11
    ],
    "probs": [
      0.15000002,
      0.84391177,
      0.0060882242
    ]
  },
  "outer_margin_probs": {
    "values": [
      2,
      4
    ],
    "probs": [
      0.9742896,
      0.02571042
    ]
  },
  "circ_probs": {
    "values": [
      0.0,
      0.6,
      0.8
    ],
    "probs": [
      0.75,
      0.15,
      0.05
    ]
  },
  "pulse": null,
  "fade_steps": 90,
  "fade_max_size": 7,
  "fade_min_size": 4
}